{"stats":{"minecraft:custom":{"minecraft:leave_game":35,"minecraft:time_since_death":1603219,"minecraft:climb_one_cm":42,"minecraft:time_since_rest":1603219,"minecraft:sprint_one_cm":192635,"minecraft:walk_one_cm":251387,"minecraft:drop":9,"minecraft:fly_one_cm":39705330,"minecraft:crouch_one_cm":4463,"minecraft:play_time":1603219,"minecraft:sneak_time":72054,"minecraft:jump":855,"minecraft:total_world_time":1776396},"minecraft:used":{"minecraft:mangrove_leaves":1,"minecraft:calcite":4,"minecraft:short_grass":1,"minecraft:moss_block":3,"minecraft:emerald_ore":1,"minecraft:light_blue_stained_glass_pane":2,"minecraft:jungle_leaves":1,"minecraft:mossy_stone_bricks":3,"minecraft:chiseled_bookshelf":329,"minecraft:blue_terracotta":4,"minecraft:warped_stem":1,"minecraft:diorite":2,"minecraft:end_rod":5,"minecraft:mangrove_wood":3,"minecraft:snow_block":1,"minecraft:melon":1,"minecraft:smooth_quartz_slab":19,"minecraft:prismarine":1,"minecraft:lime_wool":16,"minecraft:bone_block":2,"minecraft:light_blue_terracotta":1,"minecraft:blackstone":1,"minecraft:white_concrete_powder":6,"minecraft:mossy_stone_brick_stairs":1,"minecraft:purple_glazed_terracotta":1,"minecraft:stone":5,"minecraft:stripped_jungle_wood":1,"minecraft:clay":2,"minecraft:dried_kelp_block":1,"minecraft:green_terracotta":2,"minecraft:smooth_quartz_stairs":14,"minecraft:debug_stick":46,"minecraft:white_wool":3,"minecraft:dark_oak_trapdoor":164,"minecraft:mossy_cobblestone":2,"minecraft:diamond_block":1031,"minecraft:lime_terracotta":3,"minecraft:terracotta":4,"minecraft:vine":1,"minecraft:prismarine_bricks":2,"minecraft:spruce_stairs":13,"minecraft:smooth_red_sandstone":1,"minecraft:light_gray_terracotta":2,"minecraft:stone_brick_wall":37,"minecraft:lime_shulker_box":1,"minecraft:dripstone_block":8,"minecraft:light_gray_concrete_powder":15,"minecraft:oak_wood":30,"minecraft:dark_oak_fence_gate":1,"minecraft:raw_iron_block":3,"minecraft:ochre_froglight":1,"minecraft:tuff":19,"minecraft:brown_glazed_terracotta":1,"minecraft:granite":1,"minecraft:spruce_fence":43,"minecraft:dead_brain_coral_block":6,"minecraft:light_blue_stained_glass":363,"minecraft:warped_planks":1,"minecraft:cyan_stained_glass":309,"minecraft:mushroom_stem":8,"minecraft:polished_diorite":4,"minecraft:purple_concrete_powder":1,"minecraft:birch_fence":4,"minecraft:stone_brick_slab":2,"minecraft:brown_terracotta":1,"minecraft:dark_prismarine":1,"minecraft:green_concrete":4,"minecraft:black_wool":401,"minecraft:red_sandstone":2,"minecraft:cyan_terracotta":3,"minecraft:stripped_dark_oak_wood":3,"minecraft:crying_obsidian":1,"minecraft:dark_oak_log":1,"minecraft:light_gray_concrete":2,"minecraft:spruce_wood":3,"minecraft:lantern":1,"minecraft:grass_block":12,"minecraft:brown_wool":2,"minecraft:green_wool":1,"minecraft:smooth_sandstone":3,"minecraft:verdant_froglight":3,"minecraft:quartz_block":3,"minecraft:white_glazed_terracotta":1,"minecraft:polished_granite":1,"minecraft:smooth_quartz":68,"minecraft:deepslate":5,"minecraft:stone_brick_stairs":204,"minecraft:stone_bricks":16,"minecraft:yellow_wool":68,"minecraft:light_gray_wool":9,"minecraft:stripped_warped_hyphae":1,"minecraft:green_shulker_box":1,"minecraft:redstone_lamp":2,"minecraft:cobblestone":8,"minecraft:lime_concrete":1,"minecraft:azalea_leaves":56,"minecraft:emerald_block":102,"minecraft:lime_stained_glass":193,"minecraft:dark_oak_fence":93,"minecraft:white_stained_glass":3,"minecraft:green_concrete_powder":1,"minecraft:andesite":21,"minecraft:acacia_wood":4,"minecraft:gold_block":1866,"minecraft:white_concrete":2,"minecraft:pearlescent_froglight":1,"minecraft:coarse_dirt":3,"minecraft:gray_wool":1,"minecraft:brown_mushroom_block":1,"minecraft:stripped_spruce_wood":3},"minecraft:dropped":{"minecraft:acacia_wood":1,"minecraft:clay":1,"minecraft:mossy_cobblestone":1,"minecraft:cobblestone":1,"minecraft:grass_block":1,"minecraft:mushroom_stem":1,"minecraft:dark_oak_fence":1,"minecraft:wooden_axe":1,"minecraft:light_gray_concrete_powder":1},"minecraft:picked_up":{"minecraft:acacia_wood":1,"minecraft:light_gray_concrete_powder":1,"minecraft:wheat_seeds":3,"minecraft:grass_block":1,"minecraft:mushroom_stem":1,"minecraft:clay":1,"minecraft:dark_oak_fence":1}},"DataVersion":3700}